the,3628
and,1919
to,1856
a,1688
he,1527
of,1259
harry,1214
was,1186
it,1026
in,965
his,937
you,863
said,794
had,702
i,652
on,636
at,625
that,601
they,597
as,526
him,501
but,483
with,416
ron,410
all,397
out,372
for,369
up,368
be,367
what,342
were,341
hagrid,336
them,325
have,297
there,269
back,261
hermione,257
one,255
this,249
if,245
from,241
so,238
its,235
not,234
she,229
about,224
into,219
an,219
their,217
me,217
been,211
off,201
got,198
no,196
could,195
didnt,195
like,194
get,194
know,188
down,180
professor,180
just,180
see,180
her,179
when,177
is,175
very,172
over,171
looked,169
do,168
now,166
then,165
who,160
are,158
we,152
by,150
your,148
snape,145
dont,145
dumbledore,143
around,142
hed,138
well,138
how,135
going,135
go,134
something,129
never,126
look,126
through,125
right,125
think,123
uncle,121
im,121
time,119
dudley,116
harrys,113
here,112
only,111
first,111
more,109
or,109
malfoy,108
before,107
would,107
my,106
even,105
vernon,105
door,105
eyes,105
couldnt,105
neville,102
did,101
too,101
again,101
two,100
where,100
yeh,100
head,99
looking,98
next,96
thought,96
mcgonagall,95
come,95
potter,95
way,94
told,93
than,93
people,92
still,91
other,90
room,90
quirrell,90
will,89
which,89
face,88
though,86
gryffindor,85
because,85
boy,83
can,82
left,82
last,82
some,81
us,81
thats,81
mr,81
good,81
hogwarts,79
behind,79
ter,78
turned,77
house,77
much,76
stone,75
say,75
wasnt,75
ive,75
hes,75
heard,75
came,75
want,74
anything,74
once,74
really,73
seemed,72
great,72
toward,71
long,71
went,71
little,71
away,70
tell,69
found,69
yes,69
suddenly,69
oh,68
after,68
hand,67
bit,67
school,66
made,66
why,66
himself,65
aunt,65
three,65
trying,64
knew,64
cant,63
tried,63
saw,63
take,63
any,63
took,63
let,62
wand,62
quidditch,60
while,60
asked,60
day,59
inside,59
dark,59
voice,59
put,58
ever,58
must,57
cloak,57
old,57
youre,57
petunia,57
open,57
keep,56
few,55
nothing,55
everyone,55
things,55
another,55
find,54
dursley,54
hadnt,54
every,54
might,54
seen,53
years,53
yer,53
make,53
wood,53
dursleys,52
front,52
feet,52
large,51
pulled,51
gone,50
black,50
course,49
felt,49
ill,49
hall,49
floor,49
mind,49
started,49
weasley,48
thing,48
enough,48
end,48
wouldnt,48
magic,48
slytherin,48
filch,47
lot,47
moment,47
air,47
almost,47
mirror,46
letter,46
mrs,46
night,46
fell,46
wanted,46
walked,46
table,45
sat,45
until,45
bed,45
stop,45
saying,44
points,44
books,44
quickly,44
done,44
called,44
sure,43
already,43
should,43
later,43
past,43
second,43
high,43
owl,43
name,42
read,42
theres,42
always,41
without,41
our,41
better,41
yet,41
theyre,41
wizard,41
weve,40
hat,40
try,40
under,39
these,39
remember,39
caught,39
kept,38
life,38
across,38
onto,38
being,38
anyone,37
new,37
same,37
reached,37
hair,37
nearly,37
stood,37
whats,37
fire,37
gave,37
wall,36
theyd,36
else,36
outside,36
quite,36
madam,36
percy,36
full,36
each,35
whispered,35
forest,35
stared,35
broom,34
fred,34
top,34
ground,34
doing,34
forward,34
mean,34
coming,34
hands,34
against,34
youll,34
side,34
place,34
hagrids,34
own,33
man,33
standing,33
whole,33
ask,33
best,33
give,33
peeves,32
along,32
hear,32
four,32
both,32
silver,32
train,32
morning,32
window,32
getting,32
small,32
five,32
youve,32
half,32
has,32
voldemort,31
troll,31
happened,31
white,31
minutes,31
dragon,31
nose,31
id,31
anyway,31
everything,30
year,30
ten,30
sorry,30
corridor,30
someone,30
most,30
suppose,30
lost,29
hundred,29
students,29
hard,29
help,29
fer,29
noticed,29
george,29
shouted,29
stopped,29
father,28
green,28
gringotts,28
team,28
talking,28
mother,28
o,28
bad,28
gold,28
work,28
taken,28
trouble,28
big,28
snapes,27
broomstick,27
light,27
family,27
need,27
wizards,27
funny,27
many,27
those,26
don,26
holding,26
set,26
fluffy,26
robes,26
sitting,26
werent,26
move,26
red,26
able,26
sort,26
christmas,25
wont,25
sight,25
use,25
rest,25
cold,25
snapped,25
heart,25
feeling,25
corner,25
flamel,25
straight,25
parents,24
stay,24
famous,24
words,24
library,24
giant,24
catch,24
does,24
match,24
except,24
passed,24
week,24
norbert,24
world,24
sir,24
nice,24
dead,24
shut,23
owls,23
please,23
cat,23
castle,23
granger,23
somewhere,23
round,23
staring,23
note,23
finally,23
arms,23
class,23
began,23
twins,23
common,23
dudleys,23
either,23
empty,23
hope,22
unicorn,22
exactly,22
youd,22
rather,22
dog,22
seven,22
quirrells,22
answer,22
reason,22
noise,22
between,22
far,22
muggle,22
cupboard,22
isnt,22
moved,22
hardly,22
blood,22
strange,22
since,22
believe,22
book,22
goyle,22
held,22
dropped,21
fat,21
horrible,21
letters,21
mouth,21
yeah,21
such,21
however,21
glass,21
knows,21
pointed,21
muttered,21
tonight,21
legs,21
send,21
talk,21
havent,21
asleep,21
crabbe,21
watched,21
street,21
ceiling,20
ronan,20
forget,20
speak,20
fast,20
gotten,20
managed,20
cup,20
drive,20
slowly,20
pale,20
together,20
feel,20
followed,20
stupid,20
dear,20
gasped,20
flitwick,20
smiling,20
idea,20
alone,20
platform,20
car,20
kill,20
huge,20
taking,19
leave,19
raised,19
muggles,19
stand,19
safe,19
rons,19
teachers,19
given,19
met,19
heads,19
close,19
watching,19
wait,19
quaffle,19
turn,19
arm,19
word,19
pleased,19
call,19
waiting,19
spoke,19
run,19
opened,19
game,19
ran,19
dragons,19
thousand,19
maybe,19
watch,18
loudly,18
cauldron,18
sit,18
seat,18
woman,18
knocked,18
times,18
potters,18
boys,18
stepped,18
perhaps,18
wrong,18
hufflepuff,18
er,18
different,18
ollivander,18
neck,18
snake,18
nine,18
follow,18
usual,18
sound,18
died,18
allowed,18
sleep,18
shook,18
seamus,18
home,18
snitch,18
play,18
brought,18
firenze,18
wearing,18
won,18
hut,18
pointing,18
bright,18
making,18
field,17
hell,17
money,17
threw,17
twelve,17
realized,17
disappeared,17
lay,17
lucky,17
scar,17
pain,17
crowd,17
chapter,17
pocket,17
forgotten,17
sent,17
arrived,17
sign,17
mom,17
telling,17
understand,17
listen,17
gryffindors,17
number,17
ready,16
used,16
ahead,16
above,16
shop,16
nimbus,16
doors,16
nicolas,16
pushed,16
turning,16
toad,16
leg,16
privet,16
instead,16
seconds,16
sorcerers,16
became,16
chocolate,16
pair,16
terrible,16
important,16
meet,16
dumbledores,16
picked,16
fang,16
walls,16
eleven,16
bet,16
near,16
thinking,16
seem,16
supposed,16
start,16
youknowwho,16
showed,16
mad,16
fact,15
lamp,15
climbed,15
stuff,15
thanks,15
chamber,15
afternoon,15
friends,15
ghost,15
angry,15
today,15
bane,15
tree,15
having,15
late,15
malfoys,15
glasses,15
potions,15
others,15
flying,15
yelled,15
twice,15
slytherins,15
third,15
trees,15
silence,15
dad,15
breath,15
shoulder,15
deep,15
learn,15
nevilles,15
piers,15
also,15
themselves,15
secret,15
thick,14
yourself,14
low,14
swung,14
bent,14
jumped,14
spell,14
flew,14
leapt,14
soon,14
nervous,14
kitchen,14
tail,14
liked,14
sudden,14
portrait,14
playing,14
free,14
nasty,14
london,14
turban,14
grounds,14
birthday,14
wondered,14
mail,14
charlie,14
hurt,14
tiny,14
flint,14
tea,14
questions,14
evening,14
guarding,14
hurried,14
loud,14
matter,14
walking,14
fingers,14
running,14
invisibility,14
sister,14
worse,14
quietly,14
point,14
true,14
nearer,14
killed,14
odd,13
hit,13
somehow,13
faces,13
show,13
lose,13
scabbers,13
brooms,13
apart,13
smiled,13
screamed,13
arent,13
body,13
shaking,13
paper,13
package,13
miss,13
purple,13
staircase,13
practice,13
eh,13
tower,13
pink,13
obviously,13
fifty,13
expect,13
carefully,13
bludgers,13
wed,13
sky,13
anythin,13
cart,13
hour,13
seized,13
die,13
shed,13
upstairs,13
wild,13
happy,13
middle,13
expelled,13
several,13
ages,13
finished,13
ago,13
pile,13
direction,13
worry,13
hedwig,13
seeker,13
ones,13
smile,13
added,13
quiet,13
hurry,12
explain,12
pomfrey,12
wondering,12
buy,12
em,12
hung,12
wide,12
bin,12
difficult,12
powerful,12
weasleys,12
classroom,12
appeared,12
six,12
hole,12
eye,12
path,12
leaned,12
leaving,12
ears,12
witch,12
real,12
griphook,12
brothers,12
ball,12
live,12
knees,12
leaves,12
possible,12
grabbed,12
break,12
oclock,12
norris,12
tall,12
chess,12
broken,12
scared,12
albus,12
crate,12
dare,12
hanging,12
walk,12
case,12
card,12
beard,12
heavy,12
key,12
step,12
easy,12
hermiones,12
forehead,12
wands,12
says,12
line,12
lying,12
hold,12
smell,12
expected,12
pull,12
minute,12
worried,11
happen,11
landed,11
touch,11
lessons,11
station,11
none,11
furiously,11
rolled,11
friend,11
spent,11
crept,11
story,11
magical,11
days,11
hundreds,11
ah,11
inches,11
glad,11
vernons,11
closer,11
steal,11
sharp,11
coat,11
gray,11
foot,11
usually,11
listening,11
probably,11
clearly,11
lets,11
weeks,11
spotted,11
racing,11
keys,11
breakfast,11
edge,11
broke,11
fall,11
decided,11
known,11
bottle,11
hoping,11
goes,11
underneath,11
nervously,11
least,11
cried,11
nobody,11
chance,11
clapped,11
hooch,11
blue,11
burst,11
am,11
rock,11
busy,11
written,11
shock,11
although,11
shot,11
rose,11
balls,11
families,11
changed,11
midnight,11
barrier,10
television,10
whether,10
jerked,10
pockets,10
remembered,10
joined,10
throwing,10
shouldnt,10
starting,10
luck,10
trapdoor,10
power,10
tomorrow,10
neither,10
prefect,10
woke,10
stick,10
girl,10
lock,10
eat,10
teacher,10
sounded,10
learned,10
jordan,10
kind,10
careful,10
normal,10
hidden,10
food,10
pulling,10
umbrella,10
holidays,10
vault,10
earth,10
plant,10
keeping,10
may,10
sweater,10
realize,10
indeed,10
outta,10
dormitory,10
nodded,10
death,10
horror,10
during,10
goblin,10
carried,10
leaky,10
clearing,10
dangerous,10
studying,10
entrance,10
ear,10
wonder,10
presents,10
boat,10
bought,10
invisible,10
egg,10
fear,10
flat,10
young,10
save,10
dream,10
hang,10
waved,10
storm,10
slipped,10
surprise,10
locked,10
mistake,10
curse,10
ravenclaw,10
agreed,10
halloween,10
chair,10
draco,10
question,10
baby,10
doesnt,10
keeper,10
unless,10
whos,10
bag,10
knowing,10
crash,10
interesting,10
corridors,10
thin,10
carrying,10
working,10
cross,10
business,10
stairs,10
sofa,10
reminded,10
row,10
lee,10
size,10
narrow,10
less,10
windows,10
living,10
noticing,9
threequarters,9
lips,9
furious,9
facing,9
compartment,9
stars,9
stuck,9
opposite,9
jus,9
twin,9
wandering,9
afraid,9
laughed,9
news,9
drew,9
ordinary,9
broomsticks,9
meant,9
needed,9
giving,9
study,9
relief,9
myself,9
exams,9
potion,9
silent,9
bludger,9
ice,9
water,9
job,9
theyll,9
golden,9
names,9
bowed,9
charlies,9
trunk,9
gets,9
following,9
steps,9
whatever,9
fly,9
flavor,9
parchment,9
wake,9
hated,9
box,9
win,9
lived,9
jump,9
hours,9
piece,9
fight,9
stands,9
single,9
knock,9
teeth,9
dean,9
lady,9
brown,9
lead,9
change,9
wind,9
footsteps,9
envelope,9
parcel,9
brother,9
drink,9
pieces,9
son,9
rules,9
bloody,9
slid,9
eating,9
often,8
laughing,8
motorcycle,8
yehve,8
gotta,8
sea,8
chasers,8
trolls,8
asking,8
snarled,8
wing,8
covered,8
couple,8
rushed,8
crying,8
houses,8
frogs,8
summer,8
lots,8
girls,8
dunno,8
mention,8
desperate,8
wooden,8
terrified,8
worth,8
swallowed,8
twisted,8
damp,8
person,8
become,8
forbidden,8
reflection,8
handle,8
yours,8
grass,8
lit,8
passageway,8
sped,8
loads,8
warned,8
marble,8
suggested,8
goblins,8
sighed,8
fun,8
hate,8
trembling,8
notice,8
bottom,8
certainly,8
excuse,8
clothes,8
tight,8
seems,8
dinner,8
spot,8
truth,8
chessmen,8
teach,8
poor,8
nostrils,8
brilliant,8
sorting,8
sometimes,8
herself,8
care,8
moving,8
halfway,8
twenty,8
simply,8
thank,8
dogs,8
led,8
cry,8
diagon,8
remembrall,8
force,8
alley,8
frog,8
breaking,8
warning,8
stones,8
pig,8
wanting,8
quick,8
cut,8
stool,8
whisper,8
arts,8
cheer,8
faded,8
looks,8
knocking,8
drop,8
longbottom,8
alive,8
toilet,8
witches,8
interested,8
wished,8
shows,8
shes,8
branches,8
harder,7
worked,7
slightly,7
filled,7
somethin,7
evil,7
piled,7
ministry,7
charms,7
surprised,7
peered,7
noses,7
mustve,7
showing,7
special,7
summat,7
eagerly,7
sweets,7
grunted,7
sounding,7
newspaper,7
ways,7
welcome,7
feast,7
fine,7
hot,7
lesson,7
kicked,7
wrapped,7
ignored,7
passing,7
strode,7
brave,7
awake,7
thinks,7
ticket,7
particularly,7
marched,7
properly,7
sick,7
crossed,7
anymore,7
underground,7
solid,7
boats,7
wants,7
finnigan,7
smelting,7
clutching,7
needs,7
visit,7
touched,7
thirteen,7
quills,7
roll,7
figure,7
feather,7
spells,7
hiding,7
entered,7
trust,7
finding,7
proud,7
seats,7
goal,7
shops,7
history,7
wish,7
sprang,7
angrily,7
centaur,7
curious,7
joke,7
hissed,7
players,7
knight,7
lemon,7
shake,7
guard,7
anywhere,7
lily,7
homework,7
zoo,7
excellent,7
binoculars,7
stranger,7
attention,7
clear,7
road,7
tears,7
erised,7
saturday,7
safely,7
list,7
dressed,7
silently,7
higher,7
pressed,7
packed,7
bacon,7
chuckled,7
clean,7
yesterday,7
waving,7
woods,7
bottles,7
wheres,7
voldemorts,7
club,7
notes,7
murmured,7
shadows,7
armor,7
shocked,7
peering,7
shoulders,7
itll,7
thousands,7
howling,7
cats,7
easily,7
shall,7
waited,7
sharply,7
sparks,7
clicked,7
darkness,7
theyve,7
snout,7
fathers,7
muttering,7
stayed,7
slammed,7
uniform,7
cake,7
growled,7
flash,7
means,7
dungeons,7
rubbish,7
swooped,7
handed,7
midair,7
nearest,6
stomach,6
fangs,6
mountain,6
dived,6
extra,6
exam,6
classes,6
speaking,6
perfect,6
losing,6
hungry,6
everywhere,6
rid,6
chest,6
hurrying,6
cheering,6
shooting,6
honestly,6
leading,6
fallen,6
bedroom,6
shelves,6
repeated,6
stunned,6
blew,6
kings,6
everybody,6
rat,6
below,6
doorway,6
possession,6
nor,6
excitedly,6
relieved,6
human,6
moaned,6
itself,6
cause,6
abou,6
beans,6
sausages,6
gettin,6
pinned,6
split,6
mysterious,6
courage,6
beneath,6
hide,6
warm,6
vol,6
useful,6
control,6
moonlight,6
wherever,6
lake,6
drills,6
h,6
desk,6
favorite,6
wizarding,6
completely,6
mustache,6
crack,6
garden,6
view,6
dragged,6
ghosts,6
section,6
nah,6
soft,6
grab,6
nothin,6
difference,6
wizardry,6
stretched,6
fighting,6
prefects,6
flames,6
lurking,6
posts,6
backward,6
overhead,6
soccer,6
gently,6
teams,6
return,6
lumpy,6
floating,6
drove,6
clambered,6
planets,6
tap,6
patil,6
shivered,6
hospital,6
rang,6
platforms,6
lie,6
panted,6
mcgonagalls,6
bill,6
training,6
firs,6
mothers,6
flute,6
rule,6
breathing,6
restricted,6
threeheaded,6
blankets,6
thrown,6
cleared,6
pack,6
vanished,6
fixed,6
trophy,6
computer,6
join,6
speeding,6
knuts,6
wrist,6
board,6
youngest,6
whod,6
delighted,6
darkly,6
scarlet,6
older,6
hasnt,6
cheers,6
headless,6
goodbye,6
afford,6
laugh,6
hoops,6
tired,6
imagine,6
wonderful,6
grin,6
term,6
plates,6
reckon,6
laughter,6
lightning,6
cakes,6
tables,6
telephone,6
speed,6
smoke,6
lies,5
exploded,5
dive,5
severus,5
unusual,5
present,5
sandwiches,5
crossbow,5
snare,5
purpose,5
halt,5
becoming,5
greatest,5
office,5
sheets,5
reading,5
moon,5
perfectly,5
pop,5
involved,5
tapped,5
struck,5
snowy,5
grew,5
figg,5
yellow,5
eight,5
forgive,5
saved,5
bundle,5
ginny,5
skin,5
strangely,5
bronze,5
bring,5
witchcraft,5
roast,5
stare,5
slithering,5
gamekeeper,5
breathe,5
mood,5
bringing,5
bear,5
throat,5
barked,5
faint,5
coins,5
blown,5
mine,5
minds,5
warmth,5
lines,5
sank,5
cloaks,5
upset,5
beaming,5
happily,5
throw,5
contact,5
handkerchief,5
impressed,5
master,5
anxiously,5
yell,5
bald,5
centaurs,5
boa,5
joking,5
forever,5
gran,5
unwrapped,5
baron,5
frightened,5
mars,5
imagining,5
yourselves,5
captain,5
gang,5
scrambled,5
herbology,5
miserably,5
trash,5
neat,5
meeting,5
mum,5
proper,5
marcus,5
eggs,5
filchs,5
mumbled,5
wings,5
daylight,5
excitement,5
birds,5
hurtled,5
music,5
weak,5
oak,5
worst,5
sticks,5
clapping,5
dyou,5
possibly,5
wiping,5
mark,5
friendly,5
explained,5
feathers,5
cards,5
badly,5
blinked,5
town,5
age,5
bathroom,5
glittering,5
lights,5
adventure,5
kid,5
bits,5
detention,5
blimey,5
helped,5
thirty,5
enormous,5
yehll,5
tut,5
collapsed,5
nerve,5
ropes,5
happens,5
squinting,5
wore,5
complain,5
fool,5
groaned,5
rob,5
peoples,5
elixir,5
transfiguration,5
forced,5
tightly,5
okay,5
sprinted,5
calm,5
lower,5
twitched,5
sun,5
voices,5
locker,5
devils,5
carry,5
winning,5
brass,5
putting,5
bell,5
score,5
romania,5
towering,5
closed,5
werewolf,5
meanwhile,5
opinion,5
photographs,5
short,5
boots,5
chaser,5
believed,5
winked,5
leaning,5
faster,5
hey,5
ickle,5
enchantments,5
celebrating,5
animals,5
barely,5
pretending,5
miles,5
bike,5
shrieked,5
socks,5
panic,5
pay,5
curiously,5
grinned,5
whistle,5
james,5
share,5
pretty,5
complained,5
plastic,5
archway,5
bellowed,5
bewitched,5
flashed,4
received,4
sneaking,4
map,4
flaming,4
ing,4
tabby,4
flooded,4
sense,4
among,4
hairy,4
tore,4
counter,4
stern,4
folk,4
plump,4
glared,4
sorts,4
rustling,4
shuffled,4
moments,4
shame,4
floors,4
orange,4
mystry,4
temper,4
wet,4
hamburger,4
incredible,4
wouldn,4
drinking,4
dying,4
horse,4
extremely,4
serious,4
rare,4
whipped,4
softly,4
stumbled,4
icy,4
hooded,4
duel,4
answered,4
drawing,4
shout,4
addressed,4
gliding,4
sobbed,4
dreamed,4
choice,4
award,4
flushed,4
suggest,4
report,4
takin,4
roared,4
realizing,4
peculiar,4
mixed,4
quill,4
rude,4
squashy,4
tapping,4
johnson,4
sorted,4
snatched,4
nodding,4
sparkling,4
hissing,4
blinking,4
knee,4
rounded,4
suit,4
recent,4
bat,4
ours,4
amazement,4
galleons,4
banquet,4
younger,4
desperately,4
shone,4
smallest,4
lives,4
cage,4
destroyed,4
tape,4
dry,4
doubt,4
plate,4
roughly,4
kitchens,4
smeltings,4
poking,4
candy,4
thirdfloor,4
movements,4
pretend,4
budge,4
threatening,4
malkins,4
ought,4
clutched,4
fluttering,4
gonna,4
struggling,4
angelina,4
hoped,4
nerves,4
suspected,4
knowin,4
delicious,4
cauldrons,4
decide,4
unicorns,4
staying,4
clock,4
problems,4
interest,4
immediately,4
learning,4
confused,4
ink,4
casually,4
braver,4
parvati,4
whispering,4
rain,4
counted,4
bags,4
september,4
wave,4
streaked,4
wishing,4
goodness,4
excited,4
missed,4
constrictor,4
trunks,4
dirty,4
distant,4
deeper,4
everyones,4
crunching,4
deeply,4
eaten,4
bolt,4
bobbing,4
fierce,4
bite,4
aside,4
makes,4
warn,4
brightly,4
fudge,4
screaming,4
passage,4
fluttered,4
player,4
bathrobe,4
fitted,4
overcoat,4
quicker,4
problem,4
peas,4
sniffed,4
blackhaired,4
rage,4
headmaster,4
crashed,4
rattled,4
crowded,4
stonewall,4
perched,4
rats,4
anger,4
blame,4
fungi,4
country,4
glinting,4
emptied,4
wildly,4
ripped,4
nick,4
unwrap,4
writing,4
thundered,4
oliver,4
order,4
ajar,4
woken,4
ourselves,4
squeezed,4
plan,4
thatll,4
missing,4
championship,4
heavily,4
merrily,4
impossible,4
places,4
hearts,4
friday,4
danger,4
startofterm,4
obvious,4
coldly,4
cannot,4
recognized,4
sweet,4
necks,4
dyeh,4
months,4
friar,4
spiral,4
fireplace,4
ends,4
happening,4
stamp,4
phoenix,4
smelled,4
swooping,4
part,4
beside,4
finish,4
didn,4
fault,4
lookin,4
kick,4
search,4
gives,4
armchairs,4
toppled,4
lord,4
packages,4
lift,4
dedalus,4
argue,4
taught,4
cheek,4
sleeve,4
downstairs,4
silvery,4
beaters,4
petrified,4
shortly,4
toast,4
freckles,4
seekers,4
rattling,4
foul,4
sticking,4
finds,4
unpleasant,4
ate,4
brandy,4
mentioned,4
owned,4
results,4
owlery,4
eyebrows,4
shiny,4
protect,4
bound,4
strongly,4
mommy,4
frantically,4
beat,4
pipe,4
pumpkin,4
bursting,4
squeaked,4
yehd,4
leviosa,4
roof,4
twitching,4
early,4
idiot,4
nonsense,4
glancing,4
herbs,4
flick,4
queen,4
quivering,4
piercing,4
century,4
curtains,4
ridgeback,4
marks,4
lap,4
struggled,4
pairs,4
trip,4
fair,4
foolish,4
potatoes,4
bartender,4
bowl,4
dodged,4
seeing,4
punished,4
distance,4
mixture,4
blocked,4
complete,4
reflected,4
amazed,4
pass,4
norwegian,4
botts,4
unfortunately,4
cursed,4
sideways,4
manage,4
chosen,4
guess,4
s,4
beautiful,4
offered,4
emeraldgreen,3
recognize,3
nights,3
lent,3
chalk,3
belonged,3
violet,3
impatiently,3
slow,3
traffic,3
dozen,3
jumping,3
wiped,3
subject,3
pause,3
stammered,3
fork,3
astronomy,3
bewildered,3
favored,3
fleet,3
earlier,3
space,3
norberts,3
slept,3
cared,3
practicing,3
scream,3
crumpled,3
flutter,3
everythin,3
worrying,3
lunch,3
firstyear,3
leather,3
borrowed,3
within,3
dangling,3
grateful,3
explaining,3
plain,3
mustnt,3
men,3
scales,3
crockford,3
mistaking,3
yellowish,3
neighbors,3
behaving,3
rise,3
pillow,3
3,3
somethings,3
stumped,3
shape,3
firmly,3
lion,3
wife,3
chasing,3
scratching,3
colder,3
bean,3
collecting,3
month,3
partner,3
cousin,3
knobbly,3
keen,3
screech,3
determined,3
sleeping,3
freezing,3
belong,3
daring,3
binns,3
normally,3
armchair,3
eagle,3
scraping,3
burning,3
smiles,3
bezoar,3
wasn,3
sneer,3
glanced,3
breakin,3
fourth,3
add,3
shouting,3
eyed,3
blond,3
visited,3
deal,3
clouds,3
ignore,3
pince,3
ronald,3
biggest,3
hotel,3
lump,3
0,3
difficulty,3
beamed,3
pie,3
counting,3
level,3
driven,3
flickering,3
flamels,3
kiss,3
shaped,3
failed,3
mice,3
strict,3
skyward,3
love,3
couldve,3
guide,3
confusion,3
shaken,3
tongue,3
shown,3
handing,3
ollivanders,3
boring,3
buying,3
checking,3
goin,3
jostled,3
horribly,3
statue,3
reach,3
youknowwhos,3
curled,3
compared,3
wingardium,3
cream,3
badge,3
smaller,3
peppermint,3
hello,3
wicked,3
reaching,3
sing,3
building,3
frame,3
beak,3
battle,3
fifteen,3
enemies,3
echoed,3
dropping,3
blow,3
tries,3
dreams,3
quiver,3
ha,3
sunlight,3
nowhere,3
setting,3
interrupted,3
sad,3
sigh,3
pasty,3
events,3
trevor,3
ribs,3
las,3
vampires,3
upward,3
earn,3
croaked,3
mess,3
pretended,3
fields,3
longer,3
fought,3
puffing,3
rows,3
backed,3
trick,3
bigger,3
vaults,3
ruddy,3
bettie,3
acting,3
brazil,3
sport,3
stretching,3
chat,3
coats,3
definitely,3
easier,3
punching,3
sliding,3
sobbing,3
trembled,3
copper,3
whose,3
putouter,3
bills,3
gloomy,3
frightening,3
seventeen,3
hummed,3
licking,3
robe,3
gathered,3
mutter,3
sickles,3
treacle,3
cover,3
grip,3
painful,3
silk,3
algie,3
wheezing,3
tallest,3
concentrate,3
gruffly,3
sleepy,3
merry,3
diggle,3
swishing,3
record,3
candles,3
dashing,3
buried,3
towered,3
twig,3
somebody,3
starts,3
stiffly,3
games,3
tearing,3
slipping,3
cost,3
toadless,3
headed,3
stolen,3
teapot,3
chairs,3
glided,3
p,3
coolly,3
rabbit,3
flicked,3
movement,3
britain,3
brick,3
sides,3
roar,3
reckons,3
singing,3
lowered,3
humans,3
refuse,3
wine,3
stroked,3
monday,3
hufflepuffs,3
double,3
laid,3
stole,3
beasts,3
bother,3
yawning,3
bored,3
doris,3
cliff,3
wrestling,3
escape,3
maroon,3
hows,3
private,3
pure,3
logic,3
strained,3
waist,3
wrenched,3
swore,3
played,3
hoarse,3
emerald,3
grown,3
women,3
glowing,3
choose,3
oldest,3
journey,3
enter,3
wise,3
ankles,3
leap,3
uses,3
strong,3
ticked,3
heavens,3
relax,3
bitterly,3
mercy,3
tantrum,3
bushy,3
patting,3
turkey,3
spread,3
sayin,3
liking,3
bothered,3
wednesday,3
fists,3
battered,3
color,3
copying,3
nighttime,3
talked,3
sixteen,3
boxes,3
flopped,3
bitten,3
smooth,3
slumped,3
pewter,3
babble,3
shell,3
poked,3
dancing,3
plunged,3
steak,3
growls,3
jet,3
vast,3
charm,3
powdered,3
squares,3
tucked,3
video,3
askin,3
effort,3
shelf,3
sunk,3
delight,3
penalty,3
rumors,3
wailed,3
ordered,3
ruined,3
dashed,3
metal,3
kettle,3
soul,3
closely,3
paid,3
neednt,3
advice,3
sixty,3
weighing,3
downward,3
rising,3
poison,3
doormat,3
scribbled,3
gripped,3
defense,3
climbing,3
deliver,3
cheerfully,3
frowning,3
astonishing,3
apothecary,3
steep,3
spying,3
oy,3
bend,3
whistled,3
sold,3
banner,3
surely,3
reminds,3
referee,3
tuesday,3
calmly,3
muffled,3
remembers,3
pushing,3
proudly,3
folded,3
nightmare,3
drops,3
ideas,3
slot,3
forbid,3
1,3
spots,3
sweaty,3
ouch,3
hitting,3
malkin,3
pasties,3
powers,3
misty,3
finger,3
alchemy,3
chicken,3
mans,3
marge,3
sounds,3
song,3
jaws,3
blinding,3
sleepily,3
hannah,3
thomas,3
irritably,3
rumbling,3
july,3
seize,3
glance,3
equipment,3
village,3
hairs,3
postcard,3
strength,3
awarded,3
barons,3
sooner,3
cursing,3
bravery,3
fist,3
torn,3
sweeping,3
shuddered,3
rubbing,3
sprout,3
tricky,3
pub,3
mountains,3
gleaming,3
hugged,3
bars,3
boils,3
4,3
keyhole,3
mighta,3
sadly,3
returned,3
bishop,3
figgs,3
tracks,3
begin,3
rubeus,3
jam,3
deafening,3
nicholas,3
weather,3
lately,3
jacket,3
daily,3
pick,3
especially,3
admiring,3
grubby,3
examined,3
balloon,3
clever,3
fit,3
spindly,3
roaring,3
trousers,3
cheered,3
modern,3
snow,3
silly,3
stuffed,3
pucey,3
demanded,3
countryside,3
simple,3
wear,3
sausage,3
malfay,3
promised,3
bank,3
meself,3
eager,3
parking,3
hats,3
shrank,3
guardin,3
dungeon,3
engine,3
gigantic,3
reptile,3
sloped,3
agrippa,3
test,3
ruff,3
bolted,3
lip,3
tank,3
wound,3
shadow,3
brains,3
boiling,3
blurted,3
choked,3
swish,3
backs,3
ingredients,3
camera,3
swiftly,3
markings,3
risk,3
cool,3
turns,3
dared,3
address,3
glaring,3
prophet,3
measure,3
raising,3
ruffled,3
drag,3
gloom,3
refereeing,3
spoil,2
sandyhaired,2
oddly,2
rolls,2
staff,2
facetoface,2
arguing,2
infusion,2
monkshood,2
servant,2
jar,2
marges,2
grow,2
circumstances,2
heap,2
expression,2
briskly,2
session,2
groups,2
safest,2
crazy,2
unblinkingly,2
drowned,2
polkiss,2
plainly,2
unlocked,2
crime,2
laden,2
lastminute,2
bunny,2
schools,2
strangers,2
tub,2
urgently,2
shabby,2
magnificent,2
senses,2
embarrassed,2
trodden,2
grinning,2
password,2
fond,2
burn,2
helping,2
rich,2
promise,2
eeylops,2
length,2
discovery,2
blonde,2
fastest,2
pudding,2
joy,2
interfering,2
ripping,2
shuffling,2
bravely,2
goyles,2
glee,2
tyke,2
hopefully,2
copy,2
teddy,2
aloud,2
dusty,2
beast,2
rooms,2
beating,2
selling,2
stream,2
dotted,2
weirdos,2
shoes,2
dormitories,2
wandered,2
sharing,2
tidy,2
fantastic,2
crammed,2
bulging,2
root,2
screams,2
stoat,2
moms,2
form,2
carved,2
thrashing,2
yawned,2
tremblin,2
terry,2
moaning,2
escalator,2
susan,2
screeched,2
attract,2
pajamas,2
owners,2
breathed,2
popped,2
ketchup,2
bounded,2
yelling,2
chuckling,2
crouching,2
admitted,2
page,2
photos,2
pearlywhite,2
decorations,2
surrounding,2
hunger,2
bless,2
morgana,2
steady,2
crackers,2
antidark,2
onward,2
exercise,2
horns,2
whichever,2
mixing,2
killin,2
tent,2
til,2
flitted,2
tightened,2
baked,2
snakelike,2
material,2
st,2
beds,2
cast,2
walnut,2
holly,2
boiled,2
clap,2
halfmoon,2
taped,2
revolting,2
moren,2
thirteenandahalf,2
ambition,2
twigs,2
erupted,2
knuckles,2
chip,2
security,2
accidents,2
seventh,2
vigorously,2
blink,2
unknown,2
borrow,2
colors,2
nagging,2
desks,2
shhhh,2
disturb,2
breeze,2
main,2
chops,2
hooknosed,2
searched,2
falling,2
paced,2
wow,2
passageways,2
thud,2
substance,2
higgs,2
spluttered,2
suffering,2
melted,2
sunshine,2
enjoying,2
celebrate,2
scattering,2
tipped,2
outstanding,2
desire,2
knack,2
heel,2
dreading,2
diffrent,2
landing,2
tasted,2
sagged,2
mahogany,2
sprinting,2
pound,2
imagined,2
protection,2
hammering,2
entering,2
elbow,2
rush,2
accept,2
genius,2
straining,2
proof,2
frozen,2
actually,2
darting,2
fires,2
f,2
swapped,2
percys,2
spat,2
confusing,2
visitor,2
punishment,2
heres,2
31,2
toads,2
treasure,2
begins,2
cracking,2
serpent,2
group,2
downright,2
alarm,2
count,2
ravenclaws,2
direct,2
director,2
patted,2
alas,2
taste,2
squeal,2
claws,2
pounding,2
clamber,2
bun,2
future,2
attack,2
sixth,2
jog,2
bare,2
ham,2
prodded,2
shopping,2
cracked,2
gulped,2
bathrobes,2
oyt,2
drained,2
instant,2
keeps,2
disgusting,2
urged,2
whove,2
blistering,2
shaggy,2
tiptoe,2
sniff,2
wriggled,2
jolt,2
sugar,2
soared,2
racket,2
narrowed,2
persuade,2
scars,2
straightened,2
deans,2
alohomora,2
craning,2
chortled,2
humbugs,2
yerself,2
fame,2
developments,2
overtake,2
streaming,2
restaurants,2
slip,2
mouths,2
rapped,2
elses,2
chatter,2
occasions,2
huddle,2
unable,2
feasts,2
sworn,2
quivered,2
measured,2
complicated,2
wheeling,2
sending,2
resign,2
calls,2
creams,2
unfolding,2
whenever,2
gathering,2
extraordinary,2
ride,2
towers,2
thursday,2
hawk,2
waste,2
numbers,2
bangs,2
shadowy,2
nicer,2
bar,2
blank,2
scrambling,2
drinks,2
desserts,2
spectacles,2
mouthful,2
floated,2
rip,2
earshot,2
invented,2
toilets,2
tied,2
splendid,2
hunched,2
bodybind,2
youknowwhat,2
rummaging,2
knowwho,2
ducked,2
clamped,2
selfstirring,2
importantly,2
bubbles,2
prepared,2
snuffbox,2
scuttled,2
orders,2
circling,2
natural,2
chipped,2
pin,2
protected,2
caution,2
slug,2
followers,2
ducking,2
basketball,2
firsties,2
surprises,2
vcr,2
wax,2
polite,2
zombie,2
afternoons,2
loved,2
chattering,2
unwrapping,2
pelting,2
greed,2
spray,2
goblet,2
cheerful,2
breeding,2
listened,2
broad,2
visible,2
motorcycles,2
de,2
valuable,2
ashamed,2
imagination,2
smoothly,2
check,2
hopped,2
spinnet,2
transfixed,2
cara,2
airplane,2
telescope,2
misery,2
passersby,2
crawling,2
matches,2
staffroom,2
countercurse,2
streets,2
escaping,2
lined,2
footstool,2
west,2
illegal,2
stiff,2
twinkling,2
animal,2
zooming,2
skimming,2
postage,2
raise,2
mouthed,2
slamming,2
shriveled,2
married,2
creature,2
passes,2
spend,2
adrian,2
hungrily,2
cars,2
lighted,2
dried,2
ceremony,2
redheaded,2
dwell,2
nastily,2
hurting,2
cloud,2
convinced,2
snap,2
moldy,2
follows,2
askew,2
spectacular,2
party,2
thoughtfully,2
examine,2
hid,2
shared,2
coconut,2
scowling,2
doorknob,2
seventy,2
firm,2
comforting,2
buckle,2
acted,2
accidentally,2
king,2
cracks,2
fed,2
paces,2
figures,2
darted,2
miserable,2
upright,2
whistling,2
yew,2
galloping,2
nettle,2
public,2
stupidly,2
mane,2
latest,2
drifted,2
whiskers,2
grangers,2
faintest,2
nightmares,2
student,2
beef,2
feeble,2
gulp,2
sleeves,2
insides,2
burned,2
absolutely,2
edged,2
fewer,2
sacked,2
delayed,2
gateway,2
parted,2
papers,2
bye,2
terror,2
shriek,2
glory,2
boom,2
stalagmites,2
nibble,2
flung,2
offended,2
announced,2
spiders,2
dud,2
insisted,2
rolling,2
feelings,2
parties,2
banging,2
curses,2
anxious,2
jars,2
measuring,2
flight,2
peace,2
concern,2
shoot,2
block,2
madly,2
golf,2
familys,2
date,2
flickered,2
write,2
caretaker,2
shutting,2
disgusted,2
drinker,2
comfort,2
hushed,2
annoying,2
crowds,2
facedown,2
monstrous,2
ve,2
codswallop,2
liver,2
wheeled,2
painfully,2
greasy,2
meal,2
uneasy,2
unusually,2
choosing,2
skinny,2
noises,2
puts,2
sweat,2
spposed,2
hates,2
sunny,2
brokendown,2
whirled,2
twentieth,2
swayed,2
buck,2
fours,2
square,2
doorstep,2
nails,2
piles,2
expecting,2
creep,2
blast,2
titles,2
vanishing,2
grate,2
redhaired,2
cap,2
applause,2
speechless,2
hesitated,2
improve,2
sinking,2
sorta,2
jewelbright,2
gravy,2
bouncing,2
chooses,2
wham,2
damage,2
signed,2
scaredlooking,2
snorted,2
fading,2
hugging,2
dull,2
cloudy,2
mouse,2
emetic,2
crooked,2
pppotter,2
parkinson,2
trailing,2
redder,2
nearby,2
inter,2
hullo,2
chimney,2
dawn,2
rooted,2
windowsill,2
reserve,2
whirl,2
grimly,2
garlic,2
wastepaper,2
clue,2
pawed,2
bones,2
torches,2
covers,2
classrooms,2
wormwood,2
stuffing,2
fail,2
nuts,2
bewitching,2
driving,2
sore,2
heaven,2
merlin,2
billowing,2
picture,2
needles,2
staircases,2
cackled,2
blowing,2
clenched,2
flatten,2
child,2
glowed,2
sniggered,2
stacked,2
upon,2
forests,2
sleek,2
messing,2
changing,2
exciting,2
heaved,2
wherere,2
yorkshire,2
gasp,2
handful,2
moons,2
reveal,2
favors,2
guilty,2
limped,2
flatly,2
swelled,2
rifle,2
picking,2
directions,2
patch,2
flared,2
binding,2
gloves,2
emporium,2
heavier,2
rear,2
rocker,2
handsome,2
touches,2
express,2
uncertainly,2
packing,2
wins,2
understood,2
reasons,2
creepy,2
trifle,2
boarhound,2
scored,2
crashing,2
hooted,2
glittered,2
feared,2
concerned,2
informed,2
weird,2
continue,2
noisy,2
wig,2
knickerbockers,2
jerk,2
grunnings,2
careless,2
clasped,2
fiercely,2
sickle,2
mount,2
stutter,2
president,2
kissed,2
gap,2
trains,2
roots,2
agony,2
vacation,2
scrawny,2
drunk,2
naughty,2
precious,2
land,2
twisting,2
enjoys,2
sidled,2
feed,2
hero,2
porridge,2
sticky,2
state,2
banged,2
lifted,2
grindelwald,2
hangings,2
grandmother,2
therefore,2
paws,2
cozy,2
speech,2
ancient,2
sirius,2
lavender,2
horrified,2
lunchtime,2
wolfsbane,2
zigzagging,2
kent,2
swept,2
crystal,2
ounce,2
checked,2
squeak,2
paused,2
interfere,2
touching,2
werewolves,2
honor,2
fitch,2
mounted,2
hovered,2
remembering,2
gift,2
shakily,2
asphodel,2
spirits,2
victory,2
leglocker,2
deadly,2
endofyear,2
trapped,2
introduce,2
dates,2
grandfather,2
hooves,2
comfortable,2
children,2
screwed,2
sickening,2
hatching,2
privately,2
currently,2
untidy,2
tawny,2
agree,2
armed,2
portraits,2
amuse,2
frying,2
marmalade,2
smash,2
chased,2
breathlessly,2
company,2
rations,2
tangled,2
shining,2
shrieks,2
bush,2
contrary,2
standard,2
dense,2
nephew,2
faintly,2
sink,2
toys,2
tune,2
git,2
startled,2
fury,2
perenelle,2
disgust,2
slowed,2
outofbounds,2
letting,2
reflections,2
schedules,2
lighter,2
poker,2
pupils,2
moleskin,2
decoration,2
flipped,2
courtyard,2
collapsible,2
seek,2
boot,2
tart,2
seamuss,2
winding,2
killing,2
cups,2
headmistress,2
vanish,2
sneered,2
await,2
flattened,2
whispers,2
auntie,2
jabbed,2
post,2
kindly,2
anyones,2
clues,2
choking,2
drawling,2
taller,2
england,2
steering,2
blushed,2
swimming,2
emptying,2
slight,2
prickled,2
disgruntled,2
loudest,2
t,2
peeling,2
bossy,2
contained,2
blazing,2
shouldnta,2
stack,2
push,2
gasps,2
telescopes,2
fortune,2
believes,2
ttto,2
wash,2
angles,2
drawn,2
gasping,2
barn,2
striding,2
warty,2
biscuits,2
jackets,2
remote,2
subjects,2
ridiculous,2
trusted,2
happier,2
calling,2
lasted,2
loosening,2
afterward,2
stools,2
streamed,2
statues,2
youknow,2
wrinkled,2
performed,2
creatures,2
defeat,2
gallery,2
beetle,2
memory,2
diggles,2
jammed,2
2,2
massive,2
depths,2
bogies,2
luminous,2
baggy,2
accepted,2
1945,2
detentions,2
finer,2
coughed,2
ray,2
bucket,2
brain,2
appearance,2
wider,2
roundfaced,2
collect,2
sailed,2
mainly,2
fourteen,2
wellorganized,2
noble,2
neatly,2
sprouts,2
poltergeist,2
jim,2
haircut,2
barrels,2
stories,2
seriously,2
discoveries,2
fashion,2
timidly,2
shack,2
cannon,2
harbor,2
horses,2
grumpily,2
bunch,2
poisonous,2
howls,2
toothless,2
tripped,2
soaring,2
unsticking,1
tripping,1
arguments,1
snores,1
strawberry,1
art,1
haaaaaa,1
librarian,1
ehru,1
dumbledorell,1
trail,1
reddish,1
tapdance,1
wrestle,1
parts,1
tosh,1
defeated,1
absurd,1
vibrate,1
hoochs,1
speedy,1
painted,1
drain,1
gamekeeping,1
chestnut,1
brilliantly,1
positive,1
muscular,1
prewetts,1
armpit,1
surrounded,1
scabbets,1
achieve,1
stewed,1
breezy,1
saliva,1
pocuss,1
impressively,1
drip,1
showers,1
stove,1
parks,1
spending,1
juicy,1
stalagmite,1
pickmeup,1
gawked,1
ronnie,1
ye,1
oooooh,1
blubber,1
dishes,1
doi,1
outlawed,1
duties,1
cockandbull,1
approached,1
yells,1
prevent,1
hating,1
shoo,1
van,1
splattered,1
hams,1
forge,1
buyin,1
wrestled,1
thinnest,1
trances,1
cackle,1
drift,1
begun,1
smoother,1
halflife,1
tokens,1
briefcase,1
bananas,1
adalbert,1
makers,1
bc,1
enviously,1
clinging,1
diversion,1
suspended,1
retracing,1
helmeted,1
throughout,1
flexible,1
thronging,1
drone,1
ensnaring,1
punishing,1
chickened,1
hem,1
fir,1
puddings,1
clawed,1
grim,1
repair,1
mossy,1
experts,1
howl,1
local,1
forecast,1
curl,1
cobbled,1
tearstreaked,1
motion,1
stomping,1
basics,1
katie,1
froze,1
existence,1
leaping,1
dittany,1
dripping,1
affect,1
rags,1
outskirts,1
rowboat,1
prune,1
geroff,1
sneakers,1
complex,1
helicopters,1
prodding,1
provoked,1
embedded,1
species,1
someones,1
bloodiness,1
limp,1
fancy,1
tend,1
buildings,1
tweak,1
childhood,1
pelted,1
skipped,1
grayfaced,1
act,1
boredom,1
malcolm,1
ferociously,1
wrote,1
pate,1
occurred,1
seating,1
weighed,1
peevess,1
puff,1
shakeem,1
quiz,1
swarming,1
disappear,1
dumbfounded,1
mangled,1
separated,1
nosebleed,1
livid,1
scurrying,1
misters,1
demand,1
settled,1
thief,1
forgettin,1
customer,1
whooped,1
yelp,1
somersault,1
flump,1
account,1
greenhouse,1
thunder,1
squashed,1
mmm,1
combination,1
pompously,1
element,1
tame,1
shortcuts,1
aaaaaaaaaargh,1
inch,1
feverishly,1
clinking,1
debt,1
leathercovered,1
drifting,1
glistening,1
wheezed,1
gaps,1
looming,1
groped,1
desktop,1
fiftyeight,1
phoning,1
mummy,1
straw,1
boomed,1
commanded,1
savaging,1
ddefense,1
railway,1
inspectors,1
panels,1
continued,1
fangll,1
stargazers,1
whys,1
betray,1
shelling,1
transfigured,1
twos,1
fences,1
ninth,1
pictures,1
seal,1
nailed,1
firelight,1
smuggle,1
pier,1
thieves,1
shant,1
fouled,1
bletchley,1
emptier,1
g,1
greeted,1
raw,1
exits,1
tying,1
hmmm,1
dimpled,1
gloatingly,1
lazily,1
praying,1
greek,1
safety,1
leaking,1
sandwich,1
hedges,1
programs,1
multilevel,1
certain,1
squat,1
considered,1
narrowly,1
thunderous,1
fumbling,1
alicia,1
slice,1
palms,1
insisting,1
gradually,1
maps,1
curly,1
jordans,1
curry,1
blocks,1
mingled,1
shortcut,1
wohsi,1
replaced,1
insulted,1
code,1
instructions,1
admirers,1
ted,1
wounded,1
cccant,1
dairy,1
mentionin,1
rubbed,1
dears,1
conductor,1
spilled,1
assistant,1
goose,1
straying,1
scooping,1
snowballs,1
bbbut,1
alternative,1
pattern,1
sensible,1
kicking,1
mid,1
whined,1
twanging,1
uncles,1
righthanded,1
conk,1
rescued,1
barks,1
goods,1
he,1
chucked,1
daughter,1
firstever,1
railview,1
dearly,1
stammering,1
whomustnotbenamed,1
gales,1
tiptoed,1
relaxed,1
grinding,1
wideawake,1
stra,1
sixtyfive,1
stubs,1
thered,1
astonishingly,1
untouched,1
pinpricks,1
lamps,1
phone,1
spoils,1
sincerely,1
highsecurity,1
slimy,1
improvement,1
positions,1
oddball,1
yard,1
directing,1
whoever,1
using,1
oiled,1
ghoulie,1
pleaded,1
tricks,1
hooting,1
frantic,1
typical,1
re,1
lightest,1
buzzing,1
aha,1
lopsided,1
squawked,1
flocking,1
tickling,1
bodies,1
beings,1
claw,1
smatter,1
opening,1
swaggered,1
uric,1
widely,1
speck,1
bloodcurdling,1
hatches,1
turnin,1
fortunetelling,1
fortunately,1
livingroom,1
growing,1
minerva,1
kinda,1
lied,1
notices,1
raisins,1
rested,1
insist,1
outlines,1
popular,1
treble,1
hobbled,1
beady,1
core,1
barking,1
stranded,1
airily,1
managing,1
drawl,1
lovely,1
woolen,1
hebridean,1
pleasure,1
forgetting,1
mistaken,1
dangers,1
skulking,1
stiffily,1
boardedup,1
musty,1
pellets,1
phials,1
mysteriously,1
countercurses,1
vacuum,1
triumphs,1
observed,1
ornate,1
beech,1
scooted,1
likes,1
hush,1
discuss,1
visitors,1
aboard,1
slapping,1
trimble,1
passages,1
exact,1
galloped,1
singsong,1
disappointed,1
grumbled,1
weekly,1
press,1
gain,1
resting,1
chuckle,1
undursleyish,1
repaired,1
dratted,1
bungler,1
winter,1
depressing,1
mutely,1
apple,1
pickled,1
shields,1
fie,1
rope,1
fatherd,1
unraveled,1
sacrifices,1
lunged,1
decked,1
gazed,1
tin,1
squeaky,1
goodun,1
payin,1
bathilda,1
lean,1
ebony,1
chipolatas,1
shapes,1
admirable,1
suspend,1
leering,1
presenting,1
needlesharp,1
seeming,1
fruitcake,1
filthy,1
raged,1
creak,1
minister,1
circus,1
shorter,1
coals,1
tinkling,1
tourists,1
hovering,1
monster,1
innocent,1
flinched,1
dormice,1
gloomily,1
quirtell,1
funeral,1
cutting,1
painting,1
nope,1
swollen,1
winds,1
creaked,1
fingertips,1
tufty,1
grade,1
beauty,1
ladys,1
windmill,1
urgh,1
watchin,1
spine,1
loopy,1
discussing,1
blacks,1
struggle,1
wines,1
amigo,1
grunt,1
carpets,1
becomes,1
draught,1
unseated,1
pitchblack,1
title,1
favor,1
brooding,1
hoisted,1
nurse,1
handy,1
softest,1
phoenixes,1
candlelight,1
catcalling,1
dads,1
fluff,1
glider,1
stormy,1
crossly,1
disappointment,1
produces,1
spose,1
pierced,1
flock,1
whatshername,1
pppetunia,1
m,1
velvet,1
collar,1
spoken,1
teaching,1
mule,1
foreheads,1
vicious,1
beadyeyed,1
hoodlums,1
canceled,1
deputy,1
awaits,1
savage,1
spinach,1
knuckle,1
quickwitted,1
strawberries,1
moans,1
upturned,1
shifty,1
shoutin,1
smartly,1
tailcoats,1
whizzing,1
swig,1
gorgons,1
firecracker,1
panting,1
nosie,1
slowing,1
cmon,1
scabby,1
lecture,1
lawn,1
poles,1
ful,1
entranced,1
overtaking,1
prowling,1
fret,1
foribidden,1
cabbage,1
burnt,1
fetchin,1
teaches,1
awful,1
pelt,1
acreeping,1
chessboard,1
sheet,1
weathers,1
bloke,1
fabulous,1
riffraff,1
upper,1
millicent,1
cane,1
baruffio,1
puffed,1
excuses,1
shallows,1
spreading,1
harvey,1
sssorry,1
haircuts,1
cartoon,1
tinge,1
upf,1
chilled,1
drawback,1
1637,1
wriggling,1
bestplayed,1
viewers,1
thirtynine,1
program,1
sunday,1
messin,1
snoozing,1
flagged,1
caughty,1
reeled,1
angrier,1
hopes,1
moan,1
gritted,1
rainbow,1
ststuttering,1
faithful,1
exasperated,1
surrey,1
tomatoes,1
blackboard,1
lullaby,1
bodied,1
fix,1
dish,1
stretch,1
barbers,1
writer,1
denying,1
arrangements,1
argus,1
horny,1
disappearing,1
refereed,1
kindling,1
ring,1
din,1
sipped,1
scented,1
annoy,1
beware,1
pepper,1
loyal,1
stadium,1
spurt,1
ping,1
violently,1
chewed,1
pebbles,1
bounds,1
patchwork,1
contains,1
advancing,1
twelvefoot,1
beaverskin,1
meddlin,1
propped,1
existed,1
suspicious,1
earths,1
peaceful,1
reared,1
horn,1
pains,1
basking,1
pppoor,1
enraged,1
beet,1
bus,1
ruffledlooking,1
hurtling,1
twentyone,1
according,1
glue,1
longingly,1
frowned,1
throats,1
dundee,1
lizards,1
calming,1
fidgeted,1
bidin,1
teh,1
canaryyellow,1
mmyself,1
stalactites,1
aaah,1
object,1
taunting,1
cornered,1
spring,1
palomino,1
greasily,1
pecked,1
terms,1
viridian,1
transparent,1
potionmaking,1
spinner,1
surprising,1
tartan,1
admired,1
frightenin,1
charging,1
merely,1
highway,1
meters,1
cooked,1
seeping,1
ii,1
protecting,1
unexpected,1
foretold,1
plays,1
beach,1
overtook,1
gorilla,1
mugs,1
hag,1
instruments,1
ravine,1
thickset,1
baskets,1
dinnertime,1
spear,1
personally,1
kip,1
flocks,1
shrill,1
mystery,1
quailed,1
schooland,1
bricks,1
fascinating,1
nitwit,1
trot,1
griffin,1
1473,1
silkily,1
mirrors,1
beats,1
takes,1
birdwatchers,1
pigs,1
nneed,1
surname,1
flowing,1
hills,1
blissfully,1
snatching,1
dawned,1
unused,1
sizzling,1
unfair,1
malfoy	still,1
timeout,1
ended,1
balloons,1
noiselessly,1
clung,1
bothering,1
drumming,1
tingle,1
starving,1
comets,1
model,1
heading,1
treat,1
pence,1
ambling,1
load,1
knitting,1
flanked,1
threshold,1
blankly,1
risky,1
sunburn,1
bristol,1
squeeze,1
birdcage,1
hammer,1
ccant,1
duffers,1
dustcolored,1
echoes,1
hint,1
balancing,1
chimed,1
assured,1
slyly,1
linen,1
toffee,1
nudged,1
pouch,1
swaying,1
switching,1
solutions,1
sneak,1
guessing,1
pressure,1
coward,1
gate,1
atta,1
band,1
17,1
brushed,1
crinkled,1
chances,1
plants,1
wandwaving,1
quilt,1
grips,1
impatient,1
uncomfortable,1
steel,1
jinxing,1
mortis,1
rabbitin,1
thanked,1
tick,1
revenges,1
punctures,1
nastier,1
needle,1
bending,1
shoveling,1
nonstop,1
admirals,1
volume,1
blackness,1
severelooking,1
lids,1
uncoiling,1
tinned,1
whyd,1
bullied,1
strictly,1
lid,1
shove,1
cows,1
blackpool,1
aconite,1
puzzlement,1
rocket,1
terence,1
signature,1
deepest,1
mystified,1
circles,1
stuttering,1
soothe,1
grappling,1
percent,1
drummed,1
types,1
swelling,1
pliable,1
tunnel,1
tapestries,1
beater,1
mines,1
pomftey,1
create,1
newscaster,1
swarmin,1
cheap,1
selfprotection,1
abbott,1
prince,1
peabrain,1
cranberry,1
anticheating,1
elfric,1
lamplike,1
rooting,1
stunt,1
swoop,1
grownup,1
hanger,1
bunches,1
belonging,1
heartstring,1
draconis,1
uproar,1
fright,1
tackling,1
headfirst,1
grandfathers,1
flattering,1
shouldn,1
carpet,1
distracted,1
steamrollered,1
sightings,1
strangled,1
stale,1
cliodna,1
icecold,1
dress,1
pointy,1
shimmering,1
selfish,1
wristwatches,1
sixtyfifth,1
impress,1
detest,1
expects,1
rickety,1
pansy,1
hopeful,1
edging,1
sees,1
whitefaced,1
honest,1
rebellions,1
wringing,1
charged,1
differently,1
thanksss,1
cokeworth,1
burnished,1
ptolemy,1
smudged,1
morag,1
plotting,1
flicking,1
centuries,1
pythons,1
flop,1
slotted,1
ragged,1
dial,1
stung,1
bravo,1
shinin,1
petrificus,1
killers,1
stronger,1
crikey,1
ggetting,1
trolley,1
velvety,1
legged,1
aboutface,1
frown,1
cheating,1
circled,1
signs,1
deliverin,1
stitches,1
tottering,1
dust,1
cmere,1
liquids,1
paisley,1
drearns,1
harness,1
fiftytwo,1
highheeled,1
swapping,1
scruffs,1
promptly,1
beginners,1
destined,1
gym,1
amid,1
gaunt,1
thumping,1
rocketed,1
yvonne,1
crushed,1
befuddle,1
monk,1
differentsized,1
readin,1
straightening,1
steeling,1
pprofessor,1
otherwise,1
comb,1
playfully,1
scuse,1
bendy,1
hoggy,1
celebrity,1
fifthyear,1
overhearing,1
flimsy,1
immortal,1
bated,1
victims,1
stray,1
gentle,1
stamping,1
dolphins,1
gardens,1
pan,1
elastic,1
abnormal,1
chopped,1
acid,1
chasin,1
spokesgoblin,1
alchemist,1
clicking,1
cleverness,1
braced,1
doughnut,1
sneeze,1
beginning,1
droobles,1
bertie,1
rulebreaking,1
wit,1
blaise,1
emerged,1
tightlipped,1
cheery,1
puppet,1
brandnew,1
newt,1
forgets,1
carelessly,1
sallow,1
toe,1
catching,1
footfalls,1
sc,1
earsplitting,1
replied,1
laws,1
splashes,1
mantelpiece,1
bridge,1
outrage,1
grubbylooking,1
raspberry,1
wizardin,1
bodyguards,1
produced,1
cunning,1
unluckily,1
crybabies,1
numbly,1
engulfed,1
diagonally,1
flooding,1
conjured,1
humming,1
thicker,1
tendrils,1
postman,1
whippy,1
paracelsus,1
thankyou,1
fumes,1
booming,1
berserk,1
shrieking,1
scuffles,1
longing,1
90,1
sleepiness,1
council,1
ttell,1
eels,1
boastful,1
devon,1
mistakes,1
duddys,1
tufts,1
studyin,1
strings,1
paddington,1
sandy,1
finchfletchley,1
lisa,1
gambled,1
transport,1
masters,1
myseff,1
thus,1
bombs,1
mimblewimble,1
sell,1
halfpast,1
embers,1
beckoned,1
enemy,1
tumbled,1
trickling,1
flyin,1
greeting,1
chilly,1
longed,1
druidess,1
jello,1
doubled,1
fetch,1
brandished,1
skip,1
hourglasses,1
dribbling,1
uprising,1
fling,1
hunt,1
gleefully,1
blanket,1
crackpot,1
bagshot,1
jigger,1
goggle,1
depressed,1
capture,1
slope,1
anothers,1
beg,1
foodll,1
tidier,1
bakery,1
dialing,1
rapidly,1
nonmagic,1
string,1
unfolded,1
supple,1
jeans,1
brocklehurst,1
remind,1
gaped,1
catches,1
marshmallows,1
lover,1
wander,1
enjoy,1
wheel,1
shrunk,1
sony,1
thatthat,1
cornelius,1
jellylegs,1
lumps,1
poster,1
giggled,1
testing,1
iron,1
syllable,1
sherry,1
flourish,1
mounting,1
sons,1
circe,1
oddment,1
reasonably,1
barred,1
bedspread,1
winggardium,1
ducks,1
breaths,1
cured,1
tags,1
shrink,1
pinkfaced,1
correcting,1
dodge,1
season,1
climb,1
reliving,1
promisin,1
slay,1
weaving,1
concentrating,1
pursed,1
unwelcome,1
sobs,1
boil,1
fireworks,1
spleens,1
thirst,1
thumbs,1
skies,1
snuffling,1
slouched,1
leaked,1
wheedled,1
inscription,1
reciting,1
rattle,1
sapphires,1
grassy,1
burying,1
constrictors,1
ashenfaced,1
somefink,1
halfandhalf,1
disliked,1
noted,1
pep,1
keepers,1
track,1
shhh,1
waking,1
seaweed,1
maze,1
compartments,1
lanes,1
separately,1
edges,1
pork,1
fries,1
resident,1
science,1
ignoring,1
zoomed,1
slam,1
jinx,1
happiest,1
inferno,1
wanderings,1
creepers,1
belt,1
survive,1
sleepless,1
city,1
scrabbling,1
sternly,1
turkeys,1
kit,1
discussion,1
reports,1
arriving,1
sweltering,1
bid,1
bow,1
grasping,1
bewitch,1
bleaaargh,1
speeds,1
replacing,1
supporting,1
flailing,1
unfortunate,1
mancrushing,1
proudest,1
necessary,1
clouted,1
basic,1
jokes,1
ceremonys,1
filling,1
flies,1
firecrackers,1
crashes,1
bread,1
breaks,1
broomshed,1
gaze,1
willing,1
scamander,1
heaps,1
speaker,1
accountant,1
beyond,1
vampire,1
whimpered,1
skipping,1
misses,1
middecember,1
awe,1
stain,1
alibis,1
memorize,1
hogs,1
unpopular,1
confiscated,1
squealed,1
manner,1
darling,1
nail,1
pelts,1
rummaged,1
pigtails,1
conducted,1
patrolled,1
galoshes,1
wafting,1
snowball,1
belongs,1
howled,1
whatre,1
hatched,1
heaving,1
youth,1
sunrise,1
riding,1
tortoise,1
liquid,1
atop,1
horrorstruck,1
offhand,1
referees,1
fiftypence,1
owe,1
jupiter,1
motionless,1
smashed,1
nof,1
sleeps,1
bullets,1
upside,1
dddark,1
twentynine,1
wilder,1
fourposters,1
lifting,1
homemade,1
poorer,1
aargh,1
ghostie,1
unseen,1
slits,1
waffle,1
respect,1
sucked,1
sheep,1
identical,1
guards,1
brary,1
sob,1
separating,1
alarming,1
gnight,1
rasping,1
bowlers,1
chewing,1
dearest,1
hardfaced,1
paint,1
crouched,1
eerie,1
ube,1
stump,1
pomfreys,1
sorcerer,1
football,1
drafts,1
daisies,1
simmering,1
brew,1
mended,1
tellin,1
growyourownwarts,1
minded,1
cantve,1
boarded,1
shredded,1
august,1
appear,1
fried,1
bang,1
sprawled,1
pawn,1
idly,1
bakers,1
pinched,1
cans,1
flitting,1
built,1
useless,1
swap,1
duels,1
spectators,1
ending,1
drafty,1
woven,1
sppose,1
tighter,1
begging,1
courageous,1
hobby,1
bred,1
boaters,1
georges,1
smothering,1
recited,1
desert,1
buttered,1
spelled,1
stops,1
lighting,1
exhausted,1
harp,1
overgrown,1
fussing,1
scissors,1
relation,1
crumbling,1
cruel,1
quarter,1
littie,1
overheard,1
seizing,1
toasting,1
argued,1
receive,1
injured,1
lowhanging,1
sp,1
undred,1
revenge,1
springy,1
avoid,1
deserted,1
answers,1
coulda,1
eve,1
stacks,1
blundering,1
swallow,1
birthdays,1
irongray,1
smoked,1
similar,1
carrots,1
dumpy,1
sizing,1
shrinking,1
whimper,1
fouls,1
twist,1
oldfashioned,1
grasp,1
eleventh,1
cushion,1
tricked,1
notable,1
wasted,1
due,1
lingering,1
instinct,1
stopping,1
flinging,1
rubber,1
removed,1
miffed,1
bedtime,1
fullgrown,1
frost,1
looptheloops,1
creeps,1
whisked,1
whap,1
hygienic,1
marked,1
audience,1
processor,1
lend,1
introduced,1
grand,1
strangelooking,1
switch,1
rubies,1
heartstrings,1
eclairs,1
weave,1
bundled,1
mattress,1
fascinated,1
trowels,1
furor,1
dwarf,1
suspect,1
mere,1
treated,1
flatter,1
tibbles,1
leader,1
milkman,1
tenpin,1
mellow,1
delicate,1
sloping,1
sinks,1
dives,1
smirking,1
meddling,1
staggered,1
threes,1
hollow,1
parrot,1
foghorn,1
spore,1
y,1
suits,1
scoring,1
waggled,1
roars,1
hotly,1
health,1
dentists,1
net,1
creeping,1
silverblue,1
dyeing,1
gun,1
cowering,1
phyllida,1
mar,1
unafraid,1
toil,1
argument,1
passwords,1
utter,1
flanks,1
reply,1
snored,1
ppick,1
paving,1
cabbages,1
woodcroft,1
dazed,1
deserves,1
pheasants,1
dangerously,1
fixedly,1
awaiting,1
droop,1
crisis,1
astounding,1
moneys,1
ranting,1
hinge,1
league,1
cantered,1
pounced,1
grief,1
approve,1
meals,1
click,1
fastenings,1
carriages,1
whoop,1
glimmered,1
swipe,1
commentating,1
arrows,1
curling,1
seventytwo,1
sheared,1
dennis,1
bearing,1
works,1
smarter,1
furniture,1
mightve,1
kidney,1
sahara,1
bandages,1
whimpering,1
nevertheless,1
hunting,1
coast,1
gulpin,1
firework,1
sec,1
weakly,1
hmm,1
stained,1
defend,1
ugly,1
spun,1
endless,1
happiness,1
skinnier,1
angel,1
longestever,1
isle,1
knot,1
stalactite,1
aff,1
dragging,1
exchanged,1
lecturin,1
spaces,1
displeased,1
stamps,1
scoop,1
dumped,1
malade,1
fourlegged,1
rippled,1
striped,1
containing,1
delights,1
fateful,1
ley,1
mckinnons,1
theory,1
engraved,1
africa,1
baseball,1
ref,1
sauce,1
cracker,1
ridgebacks,1
rigged,1
checkmate,1
vomitflavored,1
twentysix,1
celebrations,1
chf,1
teabags,1
banks,1
chorused,1
proving,1
pouring,1
decent,1
disapprovingly,1
th,1
shaves,1
concen,1
guarded,1
punched,1
thirtysix,1
earned,1
hags,1
kids,1
nettles,1
blob,1
porcupine,1
sneering,1
zoom,1
nursed,1
ache,1
celebrated,1
slain,1
fluffys,1
bluebell,1
type,1
buckled,1
grudgingly,1
fill,1
comin,1
unbelievable,1
382,1
scroll,1
directed,1
droned,1
yerselves,1
further,1
knowledge,1
byebye,1
slippers,1
pineapple,1
movies,1
cabbagesmelling,1
beechwood,1
politer,1
spluttering,1
olivers,1
searching,1
sheer,1
depended,1
fuming,1
tentacles,1
bidden,1
secretary,1
parked,1
loss,1
patient,1
javelin,1
attractive,1
exchange,1
loose,1
corners,1
slinking,1
popkin,1
puddin,1
gallopin,1
gleamed,1
wantin,1
globes,1
powders,1
booger,1
holes,1
gregory,1
haaa,1
halfheartedly,1
rigid,1
omen,1
watery,1
vision,1
galleon,1
hengist,1
forgot,1
strapping,1
blasted,1
gamekeepers,1
sorrowful,1
meanin,1
sneaked,1
icing,1
couldn,1
annoyed,1
arrivals,1
saintly,1
rumbled,1
chained,1
bucking,1
blossoming,1
crumpets,1
secretly,1
slugs,1
newspapers,1
ruefully,1
cept,1
glitteryblack,1
piped,1
mimsy,1
dislike,1
baking,1
hocuspocus,1
deserved,1
chains,1
totalus,1
cringed,1
flame,1
stored,1
tuck,1
daddys,1
beetles,1
clattering,1
flavored,1
settling,1
scrawl,1
veins,1
stopper,1
tips,1
hermionell,1
stabbing,1
answering,1
bird,1
behavior,1
dumbled,1
goshawk,1
bully,1
tearful,1
stumbling,1
enid,1
swished,1
boulder,1
confuse,1
troops,1
tureens,1
fade,1
easter,1
aren,1
havin,1
whatve,1
ceased,1
kinds,1
nightfall,1
minuscule,1
lurched,1
starved,1
build,1
objects,1
clobbered,1
shivering,1
forgetfulness,1
batty,1
stormed,1
amount,1
laps,1
november,1
cannonball,1
itd,1
nonexplodable,1
freeze,1
beastie,1
tuft,1
scotch,1
warlock,1
poured,1
streak,1
insultin,1
random,1
gred,1
wipe,1
delivered,1
arrow,1
wee,1
tottered,1
naturally,1
driveway,1
smoking,1
examining,1
ronniekins,1
candies,1
justin,1
rice,1
ahern,1
slytherin	would,1
nmat,1
chase,1
cafru,1
personal,1
warlocks,1
dump,1
meddle,1
slender,1
price,1
freedom,1
earmuffs,1
paying,1
steered,1
carts,1
fondly,1
snigget,1
rub,1
chivalry,1
hufflepuffis,1
lamb,1
steadied,1
risks,1
gingerly,1
cobras,1
dota,1
thern,1
rivers,1
troduced,1
talkingto,1
ooh,1
grasped,1
doorpost,1
glimpse,1
festoons,1
scrawled,1
hood,1
vain,1
astride,1
nnot,1
tights,1
tarts,1
lining,1
horned,1
belting,1
specially,1
divebombing,1
stinking,1
treating,1
ddont,1
feels,1
seared,1
daddy,1
majorca,1
bumped,1
protective,1
willow,1
reminding,1
aback,1
whisk,1
threethirty,1
scene,1
gains,1
dramatically,1
sn,1
spotting,1
trailed,1
purplefaced,1
steadily,1
weeds,1
jobs,1
wroughtiron,1
goblets,1
percyd,1
enclose,1
shouldve,1
jetblack,1
whinging,1
suspension,1
born,1
wriggles,1
experience,1
prickle,1
perks,1
turpin,1
smarmy,1
bonus,1
bats,1
nearsighted,1
jig,1
secondary,1
scribbling,1
alot,1
hooked,1
constantly,1
evenings,1
icicles,1
whittled,1
folds,1
whens,1
easiest,1
mightn,1
whisperers,1
sports,1
sets,1
jewels,1
licorice,1
cure,1
arrival,1
buffalo,1
sinister,1
secrets,1
exasperation,1
owlfree,1
faltered,1
bonnets,1
wristwatch,1
duddydums,1
quentin,1
stores,1
greatness,1
tunnels,1
sweaters,1
thickly,1
outstretched,1
mud,1
convention,1
hitch,1
fishy,1
howard,1
milk,1
cinemas,1
ledgers,1
bowling,1
crisply,1
malfoyll,1
scurried,1
helplessly,1
swift,1
sadness,1
yelps,1
pplaces,1
mumbling,1
loomed,1
hides,1
peevsie,1
knights,1
dudleykins,1
monthold,1
topmost,1
stitch,1
somebodys,1
overshadowed,1
chose,1
loathed,1
remarkably,1
mugwump,1
trusting,1
backpack,1
coffee,1
unbearable,1
spite,1
bonnet,1
panicking,1
li,1
refused,1
wrists,1
donkeys,1
thump,1
pinning,1
swam,1
carousel,1
sniffling,1
alien,1
thumpin,1
sorc,1
dunderhead,1
scratch,1
murmur,1
bites,1
jot,1
rumor,1
lace,1
bedrooms,1
whacked,1
miranda,1
walled,1
judge,1
service,1
bandaged,1
sniffing,1
copyin,1
changin,1
liar,1
husband,1
mm,1
gawking,1
heave,1
lawns,1
scowl,1
mastered,1
spinning,1
including,1
speared,1
bearded,1
tickets,1
arsenius,1
mimsyporpington,1
gown,1
boogers,1
resolution,1
oaf,1
wears,1
traveled,1
hatred,1
wardrobes,1
distinctly,1
planned,1
funnyshaped,1
describing,1
remains,1
tickled,1
subtle,1
palace,1
interestinglooking,1
discovered,1
biased,1
torture,1
dddont,1
mostly,1
banell,1
accident,1
thankful,1
intently,1
hammered,1
humbertos,1
teacups,1
batteredlooking,1
lanterns,1
african,1
dunderheads,1
cork,1
defrosting,1
vibrating,1
platters,1
flowered,1
norriss,1
growling,1
tulips,1
sin,1
lotta,1
crush,1
investigations,1
tremble,1
english,1
wellknown,1
nosy,1
weatherman,1
apologized,1
badger,1
waves,1
bath,1
amber,1
supreme,1
buzz,1
dreadlocks,1
gum,1
tripe,1
butter,1
ivy,1
queasy,1
mandy,1
doughnuts,1
weigh,1
blocking,1
unbroken,1
ireland,1
ushered,1
goodll,1
waitin,1
snot,1
erm,1
commit,1
incredibly,1
snoozed,1
waffling,1
doom,1
prefer,1
trotting,1
flitwicles,1
limping,1
hi,1
nag,1
shoulda,1
wolfing,1
knickerbocker,1
waddling,1
inform,1
hired,1
tom,1
oooooooh,1
cupll,1
weapon,1
lurch,1
b,1
unlike,1
dining,1
chips,1
instantly,1
singled,1
behave,1
dirt,1
familiar,1
zabini,1
saving,1
ruins,1
stupidest,1
blotts,1
fiftyfoot,1
freed,1
fur,1
fan,1
broadly,1
singlehanded,1
profit,1
sneezed,1
shade,1
explosion,1
cloaked,1
haven,1
spider,1
largest,1
corned,1
cheeks,1
prove,1
ribbon,1
drenched,1
longbottoms,1
clanging,1
finishing,1
hermlone,1
dodges,1
riders,1
jealous,1
fanatic,1
1709,1
sharper,1
imprecise,1
conduct,1
larger,1
remorse,1
rejoice,1
grunnion,1
potato,1
fourposter,1
holds,1
perform,1
twentyfour,1
cryin,1
scruff,1
infernal,1
farther,1
whooshing,1
jerking,1
chappie,1
hearing,1
frogmarched,1
marbles,1
smelly,1
crown,1
served,1
affairs,1
draw,1
worlds,1
bounced,1
slightest,1
dusk,1
substitutes,1
bein,1
abysmal,1
mustached,1
swearing,1
paraded,1
whelk,1
pacing,1
insult,1
astonishment,1
alberic,1
starry,1
nnothing,1
collected,1
versus,1
alongside,1
wideeyed,1
value,1
getups,1
louder,1
bawling,1
columns,1
tarantula,1
trials,1
spilling,1
burns,1
damaged,1
checkup,1
radish,1
discover,1
freak,1
sword,1
steam,1
cleansweep,1
wickedly,1
slippery,1
granite,1
fasten,1
winged,1
holiday,1
rotted,1
placed,1
criticizing,1
wilderlooking,1
hutontherock,1
puncture,1
forces,1
watered,1
tugging,1
flashy,1
flailed,1
restless,1
inched,1
watering,1
downpour,1
cigarette,1
cornflakes,1
center,1
violent,1
pages,1
wrongly,1
putted,1
tangles,1
skidding,1
rarely,1
oughta,1
tasty,1
basket,1
staggerin,1
makin,1
sniveled,1
fixing,1
positively,1
childishly,1
fastened,1
snoring,1
lionfish,1
opera,1
triumph,1
loyalties,1
hocus,1
welsh,1
branch,1
tumbling,1
vapor,1
towns,1
goodfornothing,1
pavement,1
thirtyseven,1
doorbell,1
disagree,1
explode,1
bbook,1
baronll,1
punch,1
cases,1
woulnt,1
spectacularly,1
advised,1
pity,1
spasm,1
funnylooking,1
differentcolored,1
snakes,1
warmer,1
fattenin,1
lumbered,1
commentary,1
widemouthed,1
route,1
stifling,1
doin,1
darkened,1
practical,1
flow,1
tie,1
coils,1
relatives,1
spawn,1
finest,1
confessed,1
turrets,1
information,1
fiddling,1
closern,1
tone,1
arching,1
beaks,1
rammed,1
muscle,1
greener,1
doubted,1
vacationing,1
wight,1
plowed,1
humor,1
nott,1
saints,1
advanced,1
furling,1
panicked,1
aaaargh,1
concrete,1
weirdest,1
rapping,1
symbols,1
credit,1
sallyanne,1
plenty,1
drooled,1
forcing,1
brushing,1
spiny,1
stage,1
dappled,1
dinky,1
wildlooking,1
snatch,1
voicing,1
rocks,1
clanged,1
member,1
exploding,1
message,1
fluid,1
muddy,1
tennis,1
whiteblond,1
firenzes,1
beefy,1
sweetums,1
tryin,1
firsthand,1
heed,1
groan,1
roaming,1
boarding,1
forty,1
hinges,1
sizes,1
luggage,1
talent,1
delicately,1
righthand,1
triumphant,1
comet,1
turnips,1
image,1
hurriedly,1
bustled,1
wizened,1
maniacs,1
motheaten,1
everyoned,1
mounds,1
swishy,1
maple,1
frayed,1
declared,1
pies,1
troublesome,1
ringing,1
lonely,1
undergrowth,1
truly,1
awarding,1
swear,1
dully,1
confed,1
sniffy,1
meringue,1
destiny,1
politely,1
whom,1
sometime,1
gar,1
stench,1
cloth,1
languages,1
hop,1
recorded,1
defenseless,1
squid,1
tackled,1
mcguffin,1
restaurant,1
require,1
gangling,1
curtain,1
transfer,1
rugs,1
shrilly,1
refusing,1
knowitall,1
thinner,1
visiting,1
squinted,1
harold,1
godrics,1
headlight,1
supply,1
tapestry,1
jealousy,1
reward,1
duster,1
legendary,1
stoked,1
fuller,1
grades,1
receiver,1
bonfire,1
inky,1
gordon,1
needin,1
macdougal,1
greenhouses,1
melt,1
pitch,1
directly,1
playin,1
scraped,1
judging,1
gentlemans,1
weight,1
trained,1
eyeglasses,1
dividing,1
drooling,1
grunting,1
kills,1
mistletoe,1
truthful,1
paler,1
encouraging,1
hind,1
strengthened,1
responsible,1
glumly,1
mauve,1
awkwardly,1
wakes,1
smarten,1
march,1
caput,1
kissing,1
bark,1
twinkled,1
downfall,1
maker,1
whiskery,1
elephant,1
grayish,1
international,1
speakin,1
steeply,1
bundles,1
sweating,1
burly,1
shouts,1
joining,1
straps,1
trudged,1
committing,1
mist,1
handknitted,1
stroke,1
legend,1
sundays,1
strayed,1
fortytwo,1
jumpy,1
awkward,1
flashing,1
bullet,1
blur,1
punishments,1
convince,1
cereal,1
um,1
vindictus,1
lingered,1
brim,1
bulstrode,1
peppermints,1
doorways,1
poisons,1
muffins,1
shoved,1
effect,1
bbut,1
lo,1
stalking,1
increases,1
indoors,1
ahem,1
scratchy,1
specimen,1
gibber,1
poke,1
gloomylooking,1
garage,1
enclosed,1
gargoyles,1
swarthy,1
sardine,1
flap,1
quaver,1
tens,1
disapproving,1
dampen,1
colorcoding,1
hushing,1
scudding,1
reported,1
scandal,1
bustling,1
ggot,1
patched,1
behead,1
rot,1
anxiety,1
law,1
midst,1
friendship,1
goldenbrown,1
nations,1
brazilian,1
crutches,1
stooping,1
math,1
youngsters,1
background,1
hurts,1
tells,1
anytime,1
attacked,1
transform,1
locomotor,1
blinded,1
unsettled,1
demands,1
pocketed,1
frighten,1
faithfully,1
precisely,1
cough,1
ward,1
goat,1
shapeless,1
pumpkins,1
bitter,1
likely,1
dealer,1
urgent,1
suspicion,1
puzzle,1
surged,1
dreamily,1
gossiped,1
damn,1
owner,1
loaded,1
wasters,1
shore,1
thoughts,1
meantime,1
forgetmenot,1
runnin,1
deaths,1
tugged,1
bloodred,1
lessened,1
folks,1
related,1
dabbed,1
bicycle,1
heels,1
resist,1
fullygrown,1
forevermore,1
